{"cameraMode":{"drawMode":0,"name":"Shaded","section":"Shading Mode"},"sceneLighting":true,"audioPlay":false,"sceneViewState":{"showFog":true,"showMaterialUpdate":false,"showSkybox":true,"showFlares":true,"showImageEffects":true,"showParticleSystems":true},"in2DMode":false,"pivot":{"x":-0.06296217441558838,"y":0.2450655698776245,"z":0.7819280624389648},"rotation":{"x":-0.02848687395453453,"y":-0.025486892089247705,"z":-0.000726578407920897,"w":0.9992693066596985},"size":4.52549409866333,"orthographic":false}