{"cameraMode":{"drawMode":0,"name":"Shaded","section":"Shading Mode"},"sceneLighting":true,"audioPlay":false,"sceneViewState":{"showFog":true,"showMaterialUpdate":false,"showSkybox":true,"showFlares":true,"showImageEffects":true,"showParticleSystems":true},"in2DMode":false,"pivot":{"x":3.3440401554107668,"y":-9.426025390625,"z":3.4975414276123049},"rotation":{"x":0.25099924206733706,"y":0.022938206791877748,"z":-0.005949904676526785,"w":0.9676997065544128},"size":12.134468078613282,"orthographic":false}