{"cameraMode":{"drawMode":0,"name":"Shaded","section":"Shading Mode"},"sceneLighting":true,"audioPlay":false,"sceneViewState":{"showFog":false,"showMaterialUpdate":false,"showSkybox":false,"showFlares":false,"showImageEffects":false,"showParticleSystems":true},"in2DMode":false,"pivot":{"x":-0.003961324691772461,"y":-15.046350479125977,"z":94.3635025024414},"rotation":{"x":-0.10062260180711746,"y":0.011647830717265606,"z":-0.001179913291707635,"w":-0.9948614835739136},"size":50.024784088134769,"orthographic":false}