{"cameraMode":{"drawMode":0,"name":"Shaded","section":"Shading Mode"},"sceneLighting":false,"audioPlay":false,"sceneViewState":{"showFog":true,"showMaterialUpdate":false,"showSkybox":false,"showFlares":true,"showImageEffects":true,"showParticleSystems":true},"in2DMode":false,"pivot":{"x":-5.119999885559082,"y":11.519998550415039,"z":0.0},"rotation":{"x":-0.019198577851057054,"y":-0.011400021612644196,"z":-0.00020170639618299901,"w":0.999774694442749},"size":26.78765869140625,"orthographic":false}