{"cameraMode":{"drawMode":0,"name":"Shaded","section":"Shading Mode"},"sceneLighting":false,"audioPlay":false,"sceneViewState":{"showFog":true,"showMaterialUpdate":false,"showSkybox":false,"showFlares":true,"showImageEffects":true,"showParticleSystems":true},"in2DMode":false,"pivot":{"x":2.999999523162842,"y":-6.199999809265137,"z":0.0},"rotation":{"x":0.10117820650339127,"y":-0.0310355257242918,"z":0.003175793681293726,"w":0.9944013953208923},"size":2.8639132976531984,"orthographic":false}