{"cameraMode":{"drawMode":0,"name":"Shaded","section":"Shading Mode"},"sceneLighting":true,"audioPlay":false,"sceneViewState":{"showFog":true,"showMaterialUpdate":false,"showSkybox":true,"showFlares":true,"showImageEffects":true,"showParticleSystems":true},"in2DMode":false,"pivot":{"x":2.7634637355804445,"y":3.8598575592041017,"z":-0.08529428392648697},"rotation":{"x":-0.019198577851057054,"y":-0.011400021612644196,"z":-0.00020170639618299901,"w":0.999774694442749},"size":2.4073948860168459,"orthographic":false}